﻿<?xml version="1.0" encoding="utf-8"?>
<Package xmlns="http://schemas.microsoft.com/appx/manifest/foundation/windows10" xmlns:uap="http://schemas.microsoft.com/appx/manifest/uap/windows10" xmlns:uap2="http://schemas.microsoft.com/appx/manifest/uap/windows10/2" xmlns:uap3="http://schemas.microsoft.com/appx/manifest/uap/windows10/3" xmlns:rescap="http://schemas.microsoft.com/appx/manifest/foundation/windows10/restrictedcapabilities" xmlns:desktop="http://schemas.microsoft.com/appx/manifest/desktop/windows10" xmlns:desktop2="http://schemas.microsoft.com/appx/manifest/desktop/windows10/2" IgnorableNamespaces="desktop2">
  <Identity Name="19568ShareX.ShareX" ProcessorArchitecture="x64" Publisher="CN=366A5DE5-2EC7-43FD-B559-05986578C4CC" Version="13.4.0.0" />
  <Properties>
    <DisplayName>ShareX</DisplayName>
    <PublisherDisplayName>ShareX Team</PublisherDisplayName>
    <Logo>Assets\StoreLogo.png</Logo>
  </Properties>
  <Resources>
    <Resource Language="en-us" />
    <Resource uap:Scale="100" />
    <Resource uap:Scale="125" />
    <Resource uap:Scale="150" />
    <Resource uap:Scale="200" />
    <Resource uap:Scale="400" />
  </Resources>
  <Dependencies>
    <TargetDeviceFamily Name="Windows.Desktop" MinVersion="10.0.17763.0" MaxVersionTested="10.0.17763.0" />
  </Dependencies>
  <Capabilities>
    <rescap:Capability Name="runFullTrust" />
  </Capabilities>
  <Applications>
    <Application Id="ShareX" Executable="ShareX.exe" EntryPoint="Windows.FullTrustApplication">
      <uap:VisualElements DisplayName="ShareX" Description="ShareX" BackgroundColor="#242424" Square150x150Logo="Assets\Square150x150Logo.png" Square44x44Logo="Assets\Square44x44Logo.png">
        <uap:DefaultTile Wide310x150Logo="Assets\Wide310x150Logo.png" Square310x310Logo="Assets\LargeTile.png" Square71x71Logo="Assets\SmallTile.png">
          <uap:ShowNameOnTiles>
            <uap:ShowOn Tile="square150x150Logo" />
            <uap:ShowOn Tile="wide310x150Logo" />
            <uap:ShowOn Tile="square310x310Logo" />
          </uap:ShowNameOnTiles>
        </uap:DefaultTile>
      </uap:VisualElements>
      <Extensions>
        <desktop:Extension Category="windows.startupTask" Executable="ShareX.exe" EntryPoint="Windows.FullTrustApplication">
          <desktop:StartupTask TaskId="ShareX" Enabled="true" DisplayName="ShareX" />
        </desktop:Extension>
        <uap:Extension Category="windows.fileTypeAssociation">
          <uap3:FileTypeAssociation Name="sharex-custom-uploader" desktop2:UseUrl="false" Parameters='-CustomUploader "%1"'>
            <uap:DisplayName>ShareX custom uploader</uap:DisplayName>
            <uap:SupportedFileTypes>
              <uap:FileType>.sxcu</uap:FileType>
            </uap:SupportedFileTypes>
          </uap3:FileTypeAssociation>
        </uap:Extension>
        <uap:Extension Category="windows.fileTypeAssociation">
          <uap3:FileTypeAssociation Name="sharex-image-effect" desktop2:UseUrl="false" Parameters='-ImageEffect "%1"'>
            <uap:DisplayName>ShareX image effect</uap:DisplayName>
            <uap:SupportedFileTypes>
              <uap:FileType>.sxie</uap:FileType>
            </uap:SupportedFileTypes>
          </uap3:FileTypeAssociation>
        </uap:Extension>
      </Extensions>
    </Application>
  </Applications>
</Package>